{
  "ext/controller/Listreportcontroller.controller.js": 1716449706683,
  "Component.js": 1716440833751,
  "ext/fragment/ApprovalWF.js": 1716536645871,
  "i18n/i18n.properties": 1716440844919,
  "ext/controller/Listreport1controller.controller.js": 1716450876456,
  "manifest.json": 1716716639867,
  "Component-preload.js": 1716716640211,
  "ext/controller/Listreport1controller-dbg.controller.js": 1716450876456,
  "ext/controller/Listreportcontroller-dbg.controller.js": 1716449706683,
  "ext/fragment/ApprovalWF-dbg.js": 1716536645871,
  "Component-dbg.js": 1716440833751,
  "ext/fragment/ApprovalWF.fragment.xml": 1716461961444,
  "css/style.css": 1716536497884,
  "index.html": 1716440833755
}