{
  "ext/fragment/ApprovalWF.js": 1719549026884,
  "ext/controller/Listreportcontroller.controller.js": 1719335002448,
  "i18n/i18n.properties": 1719335002448,
  "manifest.json": 1719825692213,
  "ext/controller/Listreport1controller.controller.js": 1719335002448,
  "Component.js": 1719335002448,
  "Component-preload.js": 1719825692574,
  "ext/controller/Listreportcontroller-dbg.controller.js": 1719335002448,
  "ext/fragment/ApprovalWF-dbg.js": 1719549026884,
  "ext/controller/Listreport1controller-dbg.controller.js": 1719335002448,
  "Component-dbg.js": 1719335002448,
  "ext/fragment/ApprovalWF.fragment.xml": 1719335002448,
  "css/style.css": 1719335002448,
  "index.html": 1719335002448
}