{
  "i18n/i18n.properties": 1718785396779,
  "ext/controller/Sendforapproval.js": 1718785396779,
  "ext/fragment/Attachments.js": 1718785396779,
  "manifest.json": 1718962634992,
  "ext/controller/Objectpagecontroller.controller.js": 1718785396779,
  "ext/controller.Objectpagecontroller.controller.js": 1718785396779,
  "Component.js": 1718785396779,
  "Component-preload.js": 1718962635515,
  "ext/controller/Sendforapproval-dbg.js": 1718785396779,
  "ext/fragment/Attachments-dbg.js": 1718785396779,
  "ext/controller/Objectpagecontroller-dbg.controller.js": 1718785396779,
  "ext/controller.Objectpagecontroller-dbg.controller.js": 1718785396779,
  "Component-dbg.js": 1718785396779,
  "ext/fragment/Attachments.fragment.xml": 1718785396779,
  "index.html": 1718785396779
}