{
  "ext/controller/SendForApproval-dbg.js": 1716355052821,
  "ext/controller/SendForApproval.js": 1716355052821,
  "ext/fragment/Ttachments.js": 1716729864927,
  "manifest.json": 1717497713726,
  "ext/controller/Objectpagecontroller.controller.js": 1716791670061,
  "Component.js": 1716355052821,
  "Component-preload.js": 1717497714086,
  "Component-dbg.js": 1716355052821,
  "i18n/i18n.properties": 1716355052821,
  "ext/controller/Objectpagecontroller-dbg.controller.js": 1716791670061,
  "ext/fragment/Ttachments-dbg.js": 1716729864927,
  "ext/fragment/Ttachments.fragment.xml": 1716370681210,
  "index.html": 1716355052821
}