{
  "manifest.json": 1716716635837,
  "ext/controller/Objectpagecontroller.controller.js": 1716547287320,
  "ext/fragment/Ttachments.js": 1716370647774,
  "ext/controller/SendForApproval.js": 1716355052821,
  "i18n/i18n.properties": 1716355052821,
  "Component.js": 1716355052821,
  "Component-preload.js": 1716716636197,
  "ext/controller/Objectpagecontroller-dbg.controller.js": 1716547287320,
  "ext/controller/SendForApproval-dbg.js": 1716355052821,
  "ext/fragment/Ttachments-dbg.js": 1716370647774,
  "Component-dbg.js": 1716355052821,
  "ext/fragment/Ttachments.fragment.xml": 1716370681210,
  "index.html": 1716355052821
}