{
  "ext/fragment/Ttachments.js": 1717658619491,
  "manifest.json": 1717837810966,
  "i18n/i18n.properties": 1716355052821,
  "ext/controller/Showhide.js": 1717585953949,
  "ext/controller/SendForApproval.js": 1716355052821,
  "ext/controller/Objectpagecontroller.controller.js": 1717666352890,
  "Component.js": 1716355052821,
  "Component-preload.js": 1717837811365,
  "Component-dbg.js": 1716355052821,
  "ext/controller/Showhide-dbg.js": 1717585953949,
  "ext/controller/SendForApproval-dbg.js": 1716355052821,
  "ext/controller/Objectpagecontroller-dbg.controller.js": 1717666352890,
  "ext/fragment/Ttachments-dbg.js": 1717658619491,
  "ext/fragment/sidePdf.fragment.xml": 1717666915260,
  "ext/fragment/Ttachments.fragment.xml": 1716370681210,
  "index.html": 1716355052821
}