{
  "Component-preload.js": 1719314573809,
  "manifest.json": 1719314573136,
  "controller/MasterView.controller.js": 1718785396763,
  "controller/App.controller.js": 1718785396763,
  "model/models.js": 1718785396763,
  "Component.js": 1718785396763,
  "controller/App-dbg.controller.js": 1718785396763,
  "controller/App.controller.js.map": 1719314573392,
  "controller/MasterView-dbg.controller.js": 1718785396763,
  "controller/MasterView.controller.js.map": 1719314573426,
  "model/models-dbg.js": 1718785396763,
  "model/models.js.map": 1719314573382,
  "Component-dbg.js": 1718785396763,
  "Component.js.map": 1719314573392,
  "i18n/i18n.properties": 1718785396763,
  "Component-preload.js.map": 1719314573810,
  "view/MasterView.view.xml": 1718785396763,
  "view/App.view.xml": 1718785396763,
  "css/style.css": 1719067782201,
  "index.html": 1718785396763
}