{
  "controller/App-dbg.controller.js": 1719335002432,
  "model/models.js": 1719335002432,
  "controller/MasterView.controller.js": 1719335002432,
  "controller/App.controller.js": 1719335002432,
  "manifest.json": 1719825700171,
  "Component.js": 1719335002432,
  "i18n/i18n.properties": 1719335002432,
  "controller/App.controller.js.map": 1719825700451,
  "controller/MasterView-dbg.controller.js": 1719335002432,
  "controller/MasterView.controller.js.map": 1719825700490,
  "model/models-dbg.js": 1719335002432,
  "model/models.js.map": 1719825700448,
  "Component-dbg.js": 1719335002432,
  "Component.js.map": 1719825700450,
  "Component-preload.js": 1719825700747,
  "Component-preload.js.map": 1719825700747,
  "view/MasterView.view.xml": 1719335002432,
  "view/App.view.xml": 1719335002432,
  "css/style.css": 1719335002432,
  "index.html": 1719335002432
}