{
  "controller/MasterView.controller.js.map": 1717497733247,
  "Component.js": 1716871224239,
  "controller/MasterView.controller.js": 1716895982985,
  "controller/App.controller.js": 1716871224247,
  "manifest.json": 1717497732804,
  "model/models.js": 1716871224243,
  "model/models-dbg.js": 1716871224243,
  "model/models.js.map": 1717497733172,
  "controller/MasterView-dbg.controller.js": 1716895982985,
  "i18n/i18n.properties": 1716871232887,
  "controller/App-dbg.controller.js": 1716871224247,
  "controller/App.controller.js.map": 1717497733179,
  "Component-dbg.js": 1716871224239,
  "Component.js.map": 1717497733186,
  "Component-preload.js": 1717497733536,
  "Component-preload.js.map": 1717497733536,
  "view/MasterView.view.xml": 1716872261683,
  "view/App.view.xml": 1716871224251,
  "css/style.css": 1716874238909,
  "index.html": 1716871224239
}