{
  "css/style.css": 1718785396763,
  "controller/MasterView.controller.js": 1718785396763,
  "model/models.js": 1718785396763,
  "controller/App.controller.js": 1718785396763,
  "manifest.json": 1718967975662,
  "Component.js": 1718785396763,
  "controller/App-dbg.controller.js": 1718785396763,
  "controller/App.controller.js.map": 1718967975911,
  "model/models-dbg.js": 1718785396763,
  "model/models.js.map": 1718967975913,
  "controller/MasterView-dbg.controller.js": 1718785396763,
  "controller/MasterView.controller.js.map": 1718967975955,
  "Component-dbg.js": 1718785396763,
  "Component.js.map": 1718967975914,
  "Component-preload.js": 1718967976184,
  "Component-preload.js.map": 1718967976184,
  "view/MasterView.view.xml": 1718785396763,
  "view/App.view.xml": 1718785396763,
  "i18n/i18n.properties": 1718785396763,
  "index.html": 1718785396763
}