{
  "controller/App-dbg.controller.js": 1718013878806,
  "controller/MasterView.controller.js": 1718013878806,
  "model/models.js": 1718013878806,
  "controller/App.controller.js": 1718013878806,
  "manifest.json": 1718226138482,
  "Component.js": 1718013878806,
  "i18n/i18n.properties": 1718013878806,
  "controller/App.controller.js.map": 1718226138684,
  "model/models-dbg.js": 1718013878806,
  "model/models.js.map": 1718226138683,
  "controller/MasterView-dbg.controller.js": 1718013878806,
  "controller/MasterView.controller.js.map": 1718226138721,
  "Component-dbg.js": 1718013878806,
  "Component.js.map": 1718226138686,
  "Component-preload.js": 1718226138958,
  "Component-preload.js.map": 1718226138958,
  "view/MasterView.view.xml": 1718013878806,
  "view/App.view.xml": 1718013878806,
  "css/style.css": 1718013878806,
  "index.html": 1718013878806
}