{
  "view/SettingView.view.xml": 1718785396775,
  "Component.js": 1718785396775,
  "controller/SettingView.controller.js": 1718785396775,
  "controller/App.controller.js": 1718785396775,
  "manifest.json": 1718967980047,
  "model/models.js": 1718785396775,
  "controller/SettingView-dbg.controller.js": 1718785396775,
  "controller/SettingView.controller.js.map": 1718967980298,
  "Component-dbg.js": 1718785396775,
  "Component.js.map": 1718967980248,
  "controller/App-dbg.controller.js": 1718785396775,
  "controller/App.controller.js.map": 1718967980241,
  "model/models-dbg.js": 1718785396775,
  "model/models.js.map": 1718967980251,
  "Component-preload.js": 1718967980558,
  "Component-preload.js.map": 1718967980558,
  "i18n/i18n.properties": 1718785396775,
  "view/App.view.xml": 1718785396775,
  "css/style.css": 1718785396775,
  "index.html": 1718785396775
}