{
  "Component-dbg.js": 1718013878814,
  "controller/App.controller.js": 1718013878814,
  "controller/SettingView.controller.js": 1718013878814,
  "model/models.js": 1718013878818,
  "manifest.json": 1718226142538,
  "Component.js": 1718013878814,
  "model/models-dbg.js": 1718013878818,
  "model/models.js.map": 1718226142761,
  "controller/SettingView-dbg.controller.js": 1718013878814,
  "controller/SettingView.controller.js.map": 1718226142771,
  "controller/App-dbg.controller.js": 1718013878814,
  "controller/App.controller.js.map": 1718226142758,
  "i18n/i18n.properties": 1718013878818,
  "Component.js.map": 1718226142764,
  "Component-preload.js": 1718226143006,
  "Component-preload.js.map": 1718226143006,
  "view/SettingView.view.xml": 1718013878818,
  "view/App.view.xml": 1718013878818,
  "css/style.css": 1718013878818,
  "index.html": 1718013878818
}