{
  "controller/SettingView.controller.js": 1716880320230,
  "i18n/i18n.properties": 1716874206974,
  "model/models.js": 1716874193570,
  "controller/App.controller.js": 1716874193570,
  "manifest.json": 1717568227299,
  "Component.js": 1716874193562,
  "controller/App-dbg.controller.js": 1716874193570,
  "controller/App.controller.js.map": 1717568227525,
  "model/models-dbg.js": 1716874193570,
  "model/models.js.map": 1717568227525,
  "controller/SettingView-dbg.controller.js": 1716880320230,
  "controller/SettingView.controller.js.map": 1717568227538,
  "Component-dbg.js": 1716874193562,
  "Component.js.map": 1717568227528,
  "Component-preload.js": 1717568227811,
  "Component-preload.js.map": 1717568227811,
  "view/SettingView.view.xml": 1716875914572,
  "view/App.view.xml": 1716874193574,
  "css/style.css": 1716874323536,
  "index.html": 1716874193566
}