{
  "controller/App.controller.js": 1715247247978,
  "model/models.js": 1715247247978,
  "manifest.json": 1715710749218,
  "controller/View1.controller.js": 1715670151536,
  "i18n/i18n.properties": 1715249760913,
  "Component.js": 1715247247970,
  "Component-preload.js": 1715710749495,
  "controller/View1-dbg.controller.js": 1715670151536,
  "model/models-dbg.js": 1715247247978,
  "controller/App-dbg.controller.js": 1715247247978,
  "Component-dbg.js": 1715247247970,
  "view/View1.view.xml": 1715710712233,
  "view/App.view.xml": 1715247247982,
  "css/style.css": 1715673902271,
  "index.html": 1715247247970
}