{
  "image/cactus-plant-paper-clips-eyeglasses-spiral-notepad-near-laptop_23-2148178673.png": 1718785396747,
  "controller/View1.controller.js": 1718945786716,
  "model/models.js": 1718785396747,
  "manifest.json": 1718962598700,
  "controller/App.controller.js": 1718785396747,
  "Component.js": 1718785396747,
  "Component-preload.js": 1718962599201,
  "Component-dbg.js": 1718785396747,
  "controller/View1-dbg.controller.js": 1718945786716,
  "controller/App-dbg.controller.js": 1718785396747,
  "model/models-dbg.js": 1718785396747,
  "view/View1.view.xml": 1718919254671,
  "view/App.view.xml": 1718785396747,
  "i18n/i18n.properties": 1718785396747,
  "css/style.css": 1718910052904,
  "index.html": 1718785396747
}