{
  "index.html": 1718785396747,
  "manifest.json": 1719314533935,
  "model/models.js": 1718785396747,
  "controller/View1.controller.js": 1719222252996,
  "controller/App.controller.js": 1718785396747,
  "Component.js": 1718785396747,
  "Component-preload.js": 1719314534516,
  "controller/View1-dbg.controller.js": 1719222252996,
  "model/models-dbg.js": 1718785396747,
  "controller/App-dbg.controller.js": 1718785396747,
  "Component-dbg.js": 1718785396747,
  "view/View1.view.xml": 1719135636374,
  "view/App.view.xml": 1718785396747,
  "image/cactus-plant-paper-clips-eyeglasses-spiral-notepad-near-laptop_23-2148178673.png": 1718785396747,
  "css/style.css": 1719090558302,
  "i18n/i18n.properties": 1718785396747
}