{
  "ext/controller/ObjectPageOne.controller.js": 1719335002412,
  "ext/controller/Listpagecontroller.controller.js": 1719335002412,
  "i18n/i18n.properties": 1719335002412,
  "manifest.json": 1719825679961,
  "Component.js": 1719335002412,
  "Component-preload.js": 1719825680290,
  "ext/controller/Listpagecontroller-dbg.controller.js": 1719335002412,
  "ext/controller/ObjectPageOne-dbg.controller.js": 1719335002412,
  "Component-dbg.js": 1719335002412,
  "ext/fragment/Avatar.fragment.xml": 1719335002412,
  "css/style.css": 1719335002412,
  "index.html": 1719335002412
}