{
  "ext/fragment/Avatar.fragment.xml": 1718785396751,
  "Component.js": 1718785396751,
  "ext/controller/ObjectPageOne.controller.js": 1718785396751,
  "ext/controller/Listpagecontroller.controller.js": 1718785396751,
  "manifest.json": 1718962611766,
  "Component-preload.js": 1718962612287,
  "ext/controller/Listpagecontroller-dbg.controller.js": 1718785396751,
  "ext/controller/ObjectPageOne-dbg.controller.js": 1718785396751,
  "Component-dbg.js": 1718785396751,
  "i18n/i18n.properties": 1718785396751,
  "css/style.css": 1718785396751,
  "index.html": 1718785396751
}