{
  "ext/controller/Listreportcontroller.controller.js": 1718785396779,
  "ext/fragment/ApprovalWF.js": 1719243972461,
  "manifest.json": 1719314561914,
  "i18n/i18n.properties": 1718785396779,
  "ext/controller/Listreport1controller.controller.js": 1718785396779,
  "Component.js": 1718785396779,
  "Component-preload.js": 1719314562613,
  "ext/controller/Listreport1controller-dbg.controller.js": 1718785396779,
  "ext/controller/Listreportcontroller-dbg.controller.js": 1718785396779,
  "ext/fragment/ApprovalWF-dbg.js": 1719243972461,
  "Component-dbg.js": 1718785396779,
  "ext/fragment/ApprovalWF.fragment.xml": 1718785396779,
  "css/style.css": 1718785396779,
  "index.html": 1718785396779
}