{
  "i18n/i18n.properties": 1718013878822,
  "ext/fragment/ApprovalWF.js": 1718013878822,
  "manifest.json": 1718226129539,
  "ext/controller/Listreportcontroller.controller.js": 1718013878822,
  "ext/controller/Listreport1controller.controller.js": 1718013878822,
  "Component.js": 1718013878822,
  "Component-preload.js": 1718226129940,
  "ext/controller/Listreportcontroller-dbg.controller.js": 1718013878822,
  "ext/fragment/ApprovalWF-dbg.js": 1718013878822,
  "ext/controller/Listreport1controller-dbg.controller.js": 1718013878822,
  "Component-dbg.js": 1718013878822,
  "ext/fragment/ApprovalWF.fragment.xml": 1718013878822,
  "css/style.css": 1718013878822,
  "index.html": 1718013878822
}