{
  "view/App.view.xml": 1718785396739,
  "controller/chart.controller.js": 1718785396739,
  "model/models.js": 1718785396739,
  "controller/App.controller.js": 1718785396739,
  "manifest.json": 1719301371351,
  "Component.js": 1718785396739,
  "model/models-dbg.js": 1718785396739,
  "model/models.js.map": 1719301371715,
  "controller/chart-dbg.controller.js": 1718785396739,
  "controller/chart.controller.js.map": 1719301371717,
  "controller/App-dbg.controller.js": 1718785396739,
  "controller/App.controller.js.map": 1719301371714,
  "Component-dbg.js": 1718785396739,
  "Component.js.map": 1719301371720,
  "Component-preload.js": 1719301372249,
  "Component-preload.js.map": 1719301372249,
  "view/chart.view.xml": 1718879611363,
  "i18n/i18n.properties": 1718785396739,
  "css/style.css": 1718785396739,
  "index.html": 1718785396739
}