{
  "view/View1.view.xml": 1717414011187,
  "model/models.js": 1716355052817,
  "manifest.json": 1717497696695,
  "controller/View1.controller.js": 1717414699732,
  "controller/App.controller.js": 1716355052817,
  "Component.js": 1716355052817,
  "Component-preload.js": 1717497697070,
  "model/models-dbg.js": 1716355052817,
  "controller/View1-dbg.controller.js": 1717414699732,
  "controller/App-dbg.controller.js": 1716355052817,
  "Component-dbg.js": 1716355052817,
  "i18n/i18n.properties": 1716795018539,
  "view/App.view.xml": 1716355052817,
  "css/style.css": 1717497662721,
  "index.html": 1716355052817
}