{
  "controller/View1.controller.js": 1719335002412,
  "controller/App.controller.js": 1719335002412,
  "model/models.js": 1719335002412,
  "i18n/i18n.properties": 1719335002412,
  "manifest.json": 1719825671576,
  "Component.js": 1719335002412,
  "Component-preload.js": 1719825671978,
  "model/models-dbg.js": 1719335002412,
  "controller/View1-dbg.controller.js": 1719335002412,
  "controller/App-dbg.controller.js": 1719335002412,
  "Component-dbg.js": 1719335002412,
  "view/View1.view.xml": 1719335002412,
  "view/App.view.xml": 1719335002412,
  "image/cactus-plant-paper-clips-eyeglasses-spiral-notepad-near-laptop_23-2148178673.png": 1719335002412,
  "css/style.css": 1719825635471,
  "index.html": 1719335002412
}