{
  "css/style.css": 1716355052817,
  "controller/View1.controller.js": 1716355052817,
  "model/models.js": 1716355052817,
  "manifest.json": 1716795155247,
  "controller/App.controller.js": 1716355052817,
  "Component.js": 1716355052817,
  "Component-preload.js": 1716795155637,
  "Component-dbg.js": 1716355052817,
  "controller/View1-dbg.controller.js": 1716355052817,
  "controller/App-dbg.controller.js": 1716355052817,
  "model/models-dbg.js": 1716355052817,
  "view/View1.view.xml": 1716724213753,
  "view/App.view.xml": 1716355052817,
  "i18n/i18n.properties": 1716795018539,
  "index.html": 1716355052817
}