{
  "controller/App-dbg.controller.js": 1716355052817,
  "manifest.json": 1717568186659,
  "model/models.js": 1716355052817,
  "controller/View1.controller.js": 1717414699732,
  "controller/App.controller.js": 1716355052817,
  "Component.js": 1716355052817,
  "Component-preload.js": 1717568187031,
  "controller/View1-dbg.controller.js": 1717414699732,
  "model/models-dbg.js": 1716355052817,
  "i18n/i18n.properties": 1716795018539,
  "Component-dbg.js": 1716355052817,
  "view/View1.view.xml": 1717566171848,
  "view/App.view.xml": 1716355052817,
  "image/cactus-plant-paper-clips-eyeglasses-spiral-notepad-near-laptop_23-2148178673.png": 1717531895501,
  "css/style.css": 1717565988940,
  "index.html": 1716355052817
}