{
  "model/models-dbg.js": 1718013878794,
  "controller/App.controller.js": 1718013878794,
  "model/models.js": 1718013878794,
  "controller/View1.controller.js": 1718013878794,
  "manifest.json": 1718226107486,
  "Component.js": 1718013878794,
  "Component-preload.js": 1718226107831,
  "i18n/i18n.properties": 1718013878794,
  "controller/View1-dbg.controller.js": 1718013878794,
  "controller/App-dbg.controller.js": 1718013878794,
  "Component-dbg.js": 1718013878794,
  "view/View1.view.xml": 1718013878794,
  "view/App.view.xml": 1718013878794,
  "image/cactus-plant-paper-clips-eyeglasses-spiral-notepad-near-laptop_23-2148178673.png": 1718013878794,
  "css/style.css": 1718013878794,
  "index.html": 1718013878794
}