{
  "ext/fragment/Ttachments.fragment.xml": 1719335002424,
  "ext/controller/Objectpagecontroller.controller.js": 1719825130343,
  "ext/fragment/Ttachments.js": 1719335002424,
  "ext/controller/Showhide.js": 1719335002424,
  "ext/controller/SendForApproval.js": 1719335002424,
  "manifest.json": 1719825687992,
  "ext/controller/ListreportController.controller.js": 1719825092371,
  "Component.js": 1719335002424,
  "Component-preload.js": 1719825688422,
  "ext/controller/Objectpagecontroller-dbg.controller.js": 1719825130343,
  "ext/controller/Showhide-dbg.js": 1719335002424,
  "ext/controller/SendForApproval-dbg.js": 1719335002424,
  "ext/fragment/Ttachments-dbg.js": 1719335002424,
  "ext/controller/ListreportController-dbg.controller.js": 1719825092371,
  "Component-dbg.js": 1719335002424,
  "ext/fragment/sidePdf.fragment.xml": 1719335002424,
  "i18n/i18n.properties": 1719335002424,
  "index.html": 1719335002424
}