{
  "i18n/i18n.properties": 1718013878798,
  "Component.js": 1718013878798,
  "ext/fragment/Ttachments.js": 1718013878798,
  "ext/controller/Showhide.js": 1718013878798,
  "ext/controller/SendForApproval.js": 1718013878798,
  "ext/controller/Objectpagecontroller.controller.js": 1718051839053,
  "manifest.json": 1718226125309,
  "Component-preload.js": 1718226125670,
  "ext/controller/SendForApproval-dbg.js": 1718013878798,
  "ext/controller/Showhide-dbg.js": 1718013878798,
  "ext/fragment/Ttachments-dbg.js": 1718013878798,
  "ext/controller/Objectpagecontroller-dbg.controller.js": 1718051839053,
  "Component-dbg.js": 1718013878798,
  "ext/fragment/sidePdf.fragment.xml": 1718013878798,
  "ext/fragment/Ttachments.fragment.xml": 1718013878798,
  "index.html": 1718013878798
}