{
  "index.html": 1718785396755,
  "ext/controller/Showhide.js": 1718785396755,
  "ext/fragment/Ttachments.js": 1718785396755,
  "manifest.json": 1718962623712,
  "ext/controller/SendForApproval.js": 1718951118776,
  "ext/controller/Objectpagecontroller.controller.js": 1718960194818,
  "Component.js": 1718785396751,
  "Component-preload.js": 1718962624295,
  "ext/controller/Showhide-dbg.js": 1718785396755,
  "ext/controller/SendForApproval-dbg.js": 1718951118776,
  "ext/controller/Objectpagecontroller-dbg.controller.js": 1718960194818,
  "ext/fragment/Ttachments-dbg.js": 1718785396755,
  "Component-dbg.js": 1718785396751,
  "ext/fragment/sidePdf.fragment.xml": 1718785396755,
  "ext/fragment/Ttachments.fragment.xml": 1718785396755,
  "i18n/i18n.properties": 1718785396755
}