{
  "ext/controller/SendForApproval.js": 1719132472135,
  "i18n/i18n.properties": 1718785396755,
  "ext/fragment/Ttachments.js": 1718785396755,
  "ext/controller/Showhide.js": 1718785396755,
  "manifest.json": 1719314555351,
  "ext/controller/Objectpagecontroller.controller.js": 1719133410873,
  "Component.js": 1718785396751,
  "Component-preload.js": 1719314555947,
  "ext/controller/SendForApproval-dbg.js": 1719132472135,
  "ext/controller/Showhide-dbg.js": 1718785396755,
  "ext/fragment/Ttachments-dbg.js": 1718785396755,
  "ext/controller/Objectpagecontroller-dbg.controller.js": 1719133410873,
  "Component-dbg.js": 1718785396751,
  "ext/fragment/sidePdf.fragment.xml": 1718785396755,
  "ext/fragment/Ttachments.fragment.xml": 1718785396755,
  "index.html": 1718785396755
}