{
  "model/models.js": 1718785396739,
  "controller/App.controller.js": 1718785396739,
  "controller/chart.controller.js": 1718785396739,
  "i18n/i18n.properties": 1718785396739,
  "manifest.json": 1719314615782,
  "Component.js": 1718785396739,
  "model/models-dbg.js": 1718785396739,
  "model/models.js.map": 1719314616030,
  "controller/chart-dbg.controller.js": 1718785396739,
  "controller/chart.controller.js.map": 1719314616034,
  "controller/App-dbg.controller.js": 1718785396739,
  "controller/App.controller.js.map": 1719314616030,
  "Component-dbg.js": 1718785396739,
  "Component.js.map": 1719314616035,
  "Component-preload.js": 1719314616366,
  "Component-preload.js.map": 1719314616366,
  "view/chart.view.xml": 1718879611363,
  "view/App.view.xml": 1718785396739,
  "css/style.css": 1718785396739,
  "index.html": 1718785396739
}