{
  "ext/controller/Listpagecontroller.controller.js": 1718013878798,
  "Component.js": 1718013878794,
  "ext/controller/ObjectPageOne.controller.js": 1718013878798,
  "i18n/i18n.properties": 1718013878798,
  "manifest.json": 1718226116260,
  "Component-preload.js": 1718226116601,
  "ext/controller/ObjectPageOne-dbg.controller.js": 1718013878798,
  "ext/controller/Listpagecontroller-dbg.controller.js": 1718013878798,
  "Component-dbg.js": 1718013878794,
  "ext/fragment/Avatar.fragment.xml": 1718013878798,
  "css/style.css": 1718013878798,
  "index.html": 1718013878798
}