{
  "ext/controller/ObjectPageOne.controller.js": 1716355052821,
  "i18n/i18n.properties": 1716355052821,
  "manifest.json": 1717497705366,
  "ext/controller/Listpagecontroller.controller.js": 1716355052821,
  "Component.js": 1716355052821,
  "Component-preload.js": 1717497705676,
  "Component-dbg.js": 1716355052821,
  "ext/controller/Listpagecontroller-dbg.controller.js": 1716355052821,
  "ext/controller/ObjectPageOne-dbg.controller.js": 1716355052821,
  "ext/fragment/Avatar.fragment.xml": 1716355052821,
  "css/style.css": 1716355052821,
  "index.html": 1716355052821
}