{
  "model/models.js": 1719335002440,
  "controller/App.controller.js": 1719335002436,
  "controller/View1.controller.js": 1719335002436,
  "i18n/i18n.properties": 1719335002436,
  "manifest.json": 1719825711714,
  "Component.js": 1719335002436,
  "Component-dbg.js": 1719335002436,
  "Component.js.map": 1719825711954,
  "controller/View1-dbg.controller.js": 1719335002436,
  "controller/View1.controller.js.map": 1719825711951,
  "model/models-dbg.js": 1719335002440,
  "model/models.js.map": 1719825711953,
  "controller/App-dbg.controller.js": 1719335002436,
  "controller/App.controller.js.map": 1719825711952,
  "Component-preload.js": 1719825712173,
  "Component-preload.js.map": 1719825712173,
  "image/image/cactus-plant-paper-clips-eyeglasses-spiral-notepad-near-laptop_23-2148178673.png": 1719335002440,
  "view/View1.view.xml": 1719335002440,
  "view/App.view.xml": 1719335002440,
  "css/style.css": 1719335002436,
  "index.html": 1719335002440
}