{
  "i18n/i18n.properties": 1718785396771,
  "controller/App.controller.js": 1718785396771,
  "controller/View1.controller.js": 1718785396771,
  "model/models.js": 1718785396771,
  "manifest.json": 1718962655803,
  "Component.js": 1718785396767,
  "model/models-dbg.js": 1718785396771,
  "model/models.js.map": 1718962656045,
  "controller/View1-dbg.controller.js": 1718785396771,
  "controller/View1.controller.js.map": 1718962656039,
  "controller/App-dbg.controller.js": 1718785396771,
  "controller/App.controller.js.map": 1718962656044,
  "Component-dbg.js": 1718785396767,
  "Component.js.map": 1718962656040,
  "Component-preload.js": 1718962656341,
  "Component-preload.js.map": 1718962656341,
  "image/image/cactus-plant-paper-clips-eyeglasses-spiral-notepad-near-laptop_23-2148178673.png": 1718785396771,
  "view/View1.view.xml": 1718785396771,
  "view/App.view.xml": 1718785396771,
  "css/style.css": 1718785396771,
  "index.html": 1718785396771
}