{
  "controller/View1-dbg.controller.js": 1717489987389,
  "manifest.json": 1717568237755,
  "controller/View1.controller.js": 1717489987389,
  "controller/App.controller.js": 1717050545159,
  "model/models.js": 1717050545155,
  "Component.js": 1717050545151,
  "model/models-dbg.js": 1717050545155,
  "model/models.js.map": 1717568238024,
  "controller/App-dbg.controller.js": 1717050545159,
  "controller/App.controller.js.map": 1717568238024,
  "i18n/i18n.properties": 1717050554079,
  "controller/View1.controller.js.map": 1717568238026,
  "Component-dbg.js": 1717050545151,
  "Component.js.map": 1717568238028,
  "Component-preload.js": 1717568238291,
  "Component-preload.js.map": 1717568238291,
  "image/image/cactus-plant-paper-clips-eyeglasses-spiral-notepad-near-laptop_23-2148178673.png": 1717499221197,
  "view/View1.view.xml": 1717523909455,
  "view/App.view.xml": 1717146295140,
  "css/style.css": 1717531923717,
  "index.html": 1717050545151
}