{
  "index.html": 1718785396743,
  "model/models.js": 1718785396743,
  "controller/View1.controller.js": 1718785396743,
  "controller/App.controller.js": 1718785396743,
  "manifest.json": 1719301255062,
  "Component.js": 1718785396743,
  "Component-dbg.js": 1718785396743,
  "Component.js.map": 1719301257830,
  "controller/View1-dbg.controller.js": 1718785396743,
  "controller/View1.controller.js.map": 1719301257842,
  "controller/App-dbg.controller.js": 1718785396743,
  "controller/App.controller.js.map": 1719301257831,
  "model/models-dbg.js": 1718785396743,
  "model/models.js.map": 1719301257836,
  "Component-preload.js": 1719301258712,
  "Component-preload.js.map": 1719301258712,
  "view/View1.view.xml": 1718785396743,
  "view/App.view.xml": 1718785396743,
  "css/style.css": 1718785396743,
  "i18n/i18n.properties": 1718785396743
}