{
  "i18n/i18n.properties": 1717403336746,
  "controller/App.controller.js": 1717403329670,
  "controller/View1.controller.js": 1717403748273,
  "model/models.js": 1717403329666,
  "manifest.json": 1717837844090,
  "Component.js": 1717403329654,
  "controller/View1-dbg.controller.js": 1717403748273,
  "controller/View1.controller.js.map": 1717837844424,
  "controller/App-dbg.controller.js": 1717403329670,
  "controller/App.controller.js.map": 1717837844405,
  "model/models-dbg.js": 1717403329666,
  "model/models.js.map": 1717837844399,
  "Component-dbg.js": 1717403329654,
  "Component.js.map": 1717837844420,
  "Component-preload.js": 1717837844658,
  "Component-preload.js.map": 1717837844658,
  "view/View1.view.xml": 1717406040437,
  "view/App.view.xml": 1717403329674,
  "css/style.css": 1717403329670,
  "index.html": 1717403329658
}