{
  "view/App.view.xml": 1717612737530,
  "controller/aging.controller.js": 1717612737534,
  "model/models.js": 1717612737522,
  "controller/App.controller.js": 1717612737526,
  "manifest.json": 1717837170408,
  "Component.js": 1717612737518,
  "controller/App-dbg.controller.js": 1717612737526,
  "controller/App.controller.js.map": 1717837170582,
  "model/models-dbg.js": 1717612737522,
  "model/models.js.map": 1717837170588,
  "controller/aging-dbg.controller.js": 1717612737534,
  "controller/aging.controller.js.map": 1717837170587,
  "Component-dbg.js": 1717612737518,
  "Component.js.map": 1717837170589,
  "Component-preload.js": 1717837170788,
  "Component-preload.js.map": 1717837170788,
  "view/aging.view.xml": 1717613099937,
  "i18n/i18n.properties": 1717612747174,
  "css/style.css": 1717612737526,
  "index.html": 1717612737518
}