{
  "Component-preload.js.map": 1717837167195,
  "Component.js": 1717611009508,
  "controller/agingreport.controller.js": 1717611782072,
  "controller/App.controller.js": 1717611009516,
  "manifest.json": 1717837166806,
  "model/models.js": 1717611009516,
  "Component-dbg.js": 1717611009508,
  "Component.js.map": 1717837166996,
  "controller/agingreport-dbg.controller.js": 1717611782072,
  "controller/agingreport.controller.js.map": 1717837167000,
  "controller/App-dbg.controller.js": 1717611009516,
  "controller/App.controller.js.map": 1717837167002,
  "model/models-dbg.js": 1717611009516,
  "model/models.js.map": 1717837166979,
  "Component-preload.js": 1717837167195,
  "i18n/i18n.properties": 1717611015564,
  "view/agingreport.view.xml": 1717611584041,
  "view/App.view.xml": 1717611009520,
  "css/style.css": 1717611930032,
  "index.html": 1717611009508
}