{
  "view/App.view.xml": 1718785396775,
  "controller/SettingView.controller.js": 1718785396775,
  "model/models.js": 1718785396775,
  "controller/App.controller.js": 1718785396775,
  "manifest.json": 1718962645331,
  "Component.js": 1718785396775,
  "controller/SettingView-dbg.controller.js": 1718785396775,
  "controller/SettingView.controller.js.map": 1718962645582,
  "model/models-dbg.js": 1718785396775,
  "model/models.js.map": 1718962645571,
  "controller/App-dbg.controller.js": 1718785396775,
  "controller/App.controller.js.map": 1718962645570,
  "Component-dbg.js": 1718785396775,
  "Component.js.map": 1718962645571,
  "Component-preload.js": 1718962645837,
  "Component-preload.js.map": 1718962645837,
  "view/SettingView.view.xml": 1718785396775,
  "i18n/i18n.properties": 1718785396775,
  "css/style.css": 1718785396775,
  "index.html": 1718785396775
}