{
  "model/models.js": 1718785396775,
  "i18n/i18n.properties": 1718785396775,
  "controller/SettingView.controller.js": 1718785396775,
  "controller/App.controller.js": 1718785396775,
  "manifest.json": 1719301222371,
  "Component.js": 1718785396775,
  "Component-dbg.js": 1718785396775,
  "Component.js.map": 1719301222586,
  "controller/SettingView-dbg.controller.js": 1718785396775,
  "controller/SettingView.controller.js.map": 1719301222597,
  "controller/App-dbg.controller.js": 1718785396775,
  "controller/App.controller.js.map": 1719301222585,
  "model/models-dbg.js": 1718785396775,
  "model/models.js.map": 1719301222587,
  "Component-preload.js": 1719301222916,
  "Component-preload.js.map": 1719301222916,
  "view/SettingView.view.xml": 1718785396775,
  "view/App.view.xml": 1718785396775,
  "css/style.css": 1718785396775,
  "index.html": 1718785396775
}