{
  "model/models.js": 1719335002444,
  "i18n/i18n.properties": 1719335002444,
  "controller/SettingView.controller.js": 1719335002444,
  "controller/App.controller.js": 1719335002444,
  "manifest.json": 1719825704257,
  "Component.js": 1719335002444,
  "model/models-dbg.js": 1719335002444,
  "model/models.js.map": 1719825704549,
  "controller/SettingView-dbg.controller.js": 1719335002444,
  "controller/SettingView.controller.js.map": 1719825704559,
  "controller/App-dbg.controller.js": 1719335002444,
  "controller/App.controller.js.map": 1719825704503,
  "Component-dbg.js": 1719335002444,
  "Component.js.map": 1719825704508,
  "Component-preload.js": 1719825704797,
  "Component-preload.js.map": 1719825704797,
  "view/SettingView.view.xml": 1719335002444,
  "view/App.view.xml": 1719335002444,
  "css/style.css": 1719335002444,
  "index.html": 1719335002444
}