{
  "css/style.css": 1718013878810,
  "Component.js": 1718013878810,
  "controller/View1.controller.js": 1718013878810,
  "controller/App.controller.js": 1718013878810,
  "manifest.json": 1718226150732,
  "model/models.js": 1718013878810,
  "controller/App-dbg.controller.js": 1718013878810,
  "controller/App.controller.js.map": 1718226150970,
  "controller/View1-dbg.controller.js": 1718013878810,
  "controller/View1.controller.js.map": 1718226150969,
  "Component-dbg.js": 1718013878810,
  "Component.js.map": 1718226150971,
  "model/models-dbg.js": 1718013878810,
  "model/models.js.map": 1718226150971,
  "Component-preload.js": 1718226151207,
  "Component-preload.js.map": 1718226151207,
  "image/image/cactus-plant-paper-clips-eyeglasses-spiral-notepad-near-laptop_23-2148178673.png": 1718013878810,
  "view/View1.view.xml": 1718013878810,
  "view/App.view.xml": 1718013878810,
  "i18n/i18n.properties": 1718013878810,
  "index.html": 1718013878810
}