{
  "image/cactus-plant-paper-clips-eyeglasses-spiral-notepad-near-laptop_23-2148178673.avif": 1717148166702,
  "controller/View1.controller.js": 1717489987389,
  "model/models.js": 1717050545155,
  "controller/App.controller.js": 1717050545159,
  "manifest.json": 1717497747705,
  "Component.js": 1717050545151,
  "model/models-dbg.js": 1717050545155,
  "model/models.js.map": 1717497747938,
  "controller/View1-dbg.controller.js": 1717489987389,
  "controller/View1.controller.js.map": 1717497747936,
  "controller/App-dbg.controller.js": 1717050545159,
  "controller/App.controller.js.map": 1717497747937,
  "Component-dbg.js": 1717050545151,
  "Component.js.map": 1717497747940,
  "Component-preload.js": 1717497748201,
  "Component-preload.js.map": 1717497748201,
  "view/View1.view.xml": 1717489451756,
  "view/App.view.xml": 1717146295140,
  "css/style.css": 1717257570104,
  "i18n/i18n.properties": 1717050554079,
  "index.html": 1717050545151
}