{
  "Component-preload.js": 1716716644347,
  "ext/controller/Objectpagecontroller.controller.js": 1716547390163,
  "ext/fragment/Attachments.js": 1716709645502,
  "ext/controller/Sendforapproval.js": 1716547469546,
  "manifest.json": 1716716644022,
  "ext/controller.Objectpagecontroller.controller.js": 1716709946376,
  "Component.js": 1716459325036,
  "i18n/i18n.properties": 1716459339328,
  "ext/fragment/Attachments-dbg.js": 1716709645502,
  "ext/controller/Sendforapproval-dbg.js": 1716547469546,
  "ext/controller/Objectpagecontroller-dbg.controller.js": 1716547390163,
  "ext/controller.Objectpagecontroller-dbg.controller.js": 1716709946376,
  "Component-dbg.js": 1716459325036,
  "ext/fragment/Attachments.fragment.xml": 1716547154633,
  "index.html": 1716459325036
}