{
  "ext/controller.Objectpagecontroller-dbg.controller.js": 1719335002448,
  "manifest.json": 1719825696292,
  "ext/fragment/Attachments.js": 1719335002448,
  "ext/controller/Sendforapproval.js": 1719335002448,
  "ext/controller/Objectpagecontroller.controller.js": 1719335002448,
  "ext/controller.Objectpagecontroller.controller.js": 1719335002448,
  "Component.js": 1719335002448,
  "Component-preload.js": 1719825696652,
  "Component-dbg.js": 1719335002448,
  "ext/controller/Sendforapproval-dbg.js": 1719335002448,
  "ext/controller/Objectpagecontroller-dbg.controller.js": 1719335002448,
  "i18n/i18n.properties": 1719335002448,
  "ext/fragment/Attachments-dbg.js": 1719335002448,
  "ext/fragment/Attachments.fragment.xml": 1719335002448,
  "index.html": 1719335002448
}