{
  "ext/controller/Sendforapproval-dbg.js": 1716547469546,
  "ext/controller.Objectpagecontroller.controller.js": 1716709946376,
  "ext/fragment/Attachments.js": 1716729963101,
  "ext/controller/Sendforapproval.js": 1716547469546,
  "ext/controller/Objectpagecontroller.controller.js": 1716792870407,
  "manifest.json": 1717568217189,
  "Component.js": 1716459325036,
  "Component-preload.js": 1717568217586,
  "ext/controller.Objectpagecontroller-dbg.controller.js": 1716709946376,
  "i18n/i18n.properties": 1716459339328,
  "ext/controller/Objectpagecontroller-dbg.controller.js": 1716792870407,
  "ext/fragment/Attachments-dbg.js": 1716729963101,
  "Component-dbg.js": 1716459325036,
  "ext/fragment/Attachments.fragment.xml": 1716547154633,
  "index.html": 1716459325036
}