{
  "ext/controller/Sendforapproval.js": 1718013878818,
  "ext/controller/Objectpagecontroller.controller.js": 1718013878818,
  "ext/fragment/Attachments.js": 1718013878818,
  "i18n/i18n.properties": 1718013878818,
  "manifest.json": 1718226134184,
  "ext/controller.Objectpagecontroller.controller.js": 1718013878818,
  "Component.js": 1718013878818,
  "Component-preload.js": 1718226134593,
  "ext/controller/Sendforapproval-dbg.js": 1718013878818,
  "ext/fragment/Attachments-dbg.js": 1718013878818,
  "ext/controller/Objectpagecontroller-dbg.controller.js": 1718013878818,
  "ext/controller.Objectpagecontroller-dbg.controller.js": 1718013878818,
  "Component-dbg.js": 1718013878818,
  "ext/fragment/Attachments.fragment.xml": 1718013878818,
  "index.html": 1718013878818
}