{
  "controller/keyprocessanalyticsreportlist.controller.js.map": 1719812138347,
  "Component.js": 1719335002428,
  "controller/keyprocessanalyticsreportlist.controller.js": 1719335002428,
  "controller/App.controller.js": 1719335002428,
  "manifest.json": 1719812138084,
  "model/models.js": 1719335002428,
  "controller/keyprocessanalyticsreportlist-dbg.controller.js": 1719335002428,
  "i18n/i18n.properties": 1719335002428,
  "Component-dbg.js": 1719335002428,
  "Component.js.map": 1719812138349,
  "controller/App-dbg.controller.js": 1719335002428,
  "controller/App.controller.js.map": 1719812138347,
  "model/models-dbg.js": 1719335002428,
  "model/models.js.map": 1719812138349,
  "Component-preload.js": 1719812138626,
  "Component-preload.js.map": 1719812138626,
  "view/keyprocessanalyticsreportlist.view.xml": 1719335002428,
  "view/App.view.xml": 1719335002428,
  "css/style.css": 1719335002428,
  "index.html": 1719335002428
}