{
  "controller/App-dbg.controller.js": 1716871224247,
  "controller/App.controller.js": 1716871224247,
  "controller/MasterView.controller.js": 1717567920630,
  "model/models.js": 1716871224243,
  "manifest.json": 1717568222198,
  "Component.js": 1716871224239,
  "model/models-dbg.js": 1716871224243,
  "model/models.js.map": 1717568222405,
  "controller/MasterView-dbg.controller.js": 1717567920630,
  "controller/MasterView.controller.js.map": 1717568222443,
  "i18n/i18n.properties": 1716871232887,
  "controller/App.controller.js.map": 1717568222405,
  "Component-dbg.js": 1716871224239,
  "Component.js.map": 1717568222405,
  "Component-preload.js": 1717568222727,
  "Component-preload.js.map": 1717568222727,
  "view/MasterView.view.xml": 1717567743726,
  "view/App.view.xml": 1716871224251,
  "css/style.css": 1717568123778,
  "index.html": 1716871224239
}