{
  "controller/App.controller.js.map": 1719301211517,
  "controller/App.controller.js": 1718785396763,
  "controller/MasterView.controller.js": 1718785396763,
  "model/models.js": 1718785396763,
  "manifest.json": 1719301210366,
  "Component.js": 1718785396763,
  "model/models-dbg.js": 1718785396763,
  "model/models.js.map": 1719301211521,
  "controller/MasterView-dbg.controller.js": 1718785396763,
  "controller/MasterView.controller.js.map": 1719301211563,
  "controller/App-dbg.controller.js": 1718785396763,
  "i18n/i18n.properties": 1718785396763,
  "Component-dbg.js": 1718785396763,
  "Component.js.map": 1719301211523,
  "Component-preload.js": 1719301211925,
  "Component-preload.js.map": 1719301211925,
  "view/MasterView.view.xml": 1718785396763,
  "view/App.view.xml": 1718785396763,
  "css/style.css": 1719067782201,
  "index.html": 1718785396763
}