{
  "controller/App.controller.js.map": 1719314606609,
  "manifest.json": 1719314606286,
  "controller/productivityreportlist.controller.js": 1718911146089,
  "controller/App.controller.js": 1718911146081,
  "model/models.js": 1718911146081,
  "Component.js": 1718911146077,
  "controller/App-dbg.controller.js": 1718911146081,
  "i18n/i18n.properties": 1718911154161,
  "controller/productivityreportlist-dbg.controller.js": 1718911146089,
  "controller/productivityreportlist.controller.js.map": 1719314606609,
  "model/models-dbg.js": 1718911146081,
  "model/models.js.map": 1719314606610,
  "Component-dbg.js": 1718911146077,
  "Component.js.map": 1719314606617,
  "Component-preload.js": 1719314606909,
  "Component-preload.js.map": 1719314606909,
  "view/productivityreportlist.view.xml": 1718911929127,
  "view/App.view.xml": 1718911146085,
  "css/style.css": 1718911146085,
  "index.html": 1718911146077
}