{
  "controller/productivityreportlist.controller.js.map": 1718968001911,
  "manifest.json": 1718968001695,
  "controller/productivityreportlist.controller.js": 1718911146089,
  "controller/App.controller.js": 1718911146081,
  "model/models.js": 1718911146081,
  "Component.js": 1718911146077,
  "model/models-dbg.js": 1718911146081,
  "model/models.js.map": 1718968001912,
  "controller/App-dbg.controller.js": 1718911146081,
  "controller/App.controller.js.map": 1718968001907,
  "controller/productivityreportlist-dbg.controller.js": 1718911146089,
  "i18n/i18n.properties": 1718911154161,
  "Component-dbg.js": 1718911146077,
  "Component.js.map": 1718968001912,
  "Component-preload.js": 1718968002127,
  "Component-preload.js.map": 1718968002127,
  "view/productivityreportlist.view.xml": 1718911929127,
  "view/App.view.xml": 1718911146085,
  "css/style.css": 1718911146085,
  "index.html": 1718911146077
}