{
  "Component-preload.js": 1718967997686,
  "controller/keyprocessanalyticsreportlist.controller.js": 1718785396759,
  "model/models.js": 1718785396759,
  "controller/App.controller.js": 1718785396759,
  "manifest.json": 1718967997206,
  "Component.js": 1718785396759,
  "controller/App-dbg.controller.js": 1718785396759,
  "controller/App.controller.js.map": 1718967997440,
  "model/models-dbg.js": 1718785396759,
  "model/models.js.map": 1718967997446,
  "controller/keyprocessanalyticsreportlist-dbg.controller.js": 1718785396759,
  "controller/keyprocessanalyticsreportlist.controller.js.map": 1718967997443,
  "Component-dbg.js": 1718785396759,
  "Component.js.map": 1718967997447,
  "i18n/i18n.properties": 1718785396759,
  "Component-preload.js.map": 1718967997686,
  "view/keyprocessanalyticsreportlist.view.xml": 1718952917593,
  "view/App.view.xml": 1718785396759,
  "css/style.css": 1718785396759,
  "index.html": 1718785396759
}