{
  "controller/App.controller.js.map": 1719301279368,
  "controller/keyprocessanalyticsreportlist.controller.js": 1718785396759,
  "model/models.js": 1718785396759,
  "controller/App.controller.js": 1718785396759,
  "manifest.json": 1719301278342,
  "Component.js": 1718785396759,
  "Component-dbg.js": 1718785396759,
  "Component.js.map": 1719301279392,
  "model/models-dbg.js": 1718785396759,
  "model/models.js.map": 1719301279382,
  "controller/App-dbg.controller.js": 1718785396759,
  "i18n/i18n.properties": 1718785396759,
  "controller/keyprocessanalyticsreportlist-dbg.controller.js": 1718785396759,
  "controller/keyprocessanalyticsreportlist.controller.js.map": 1719301279382,
  "Component-preload.js": 1719301284849,
  "Component-preload.js.map": 1719301284849,
  "view/keyprocessanalyticsreportlist.view.xml": 1718952917593,
  "view/App.view.xml": 1718785396759,
  "css/style.css": 1718785396759,
  "index.html": 1718785396759
}