{
  "index.html": 1718785396759,
  "controller/invsumreport.controller.js": 1719298514116,
  "model/models.js": 1718785396759,
  "controller/App.controller.js": 1718785396759,
  "manifest.json": 1719301362164,
  "Component.js": 1718785396759,
  "controller/invsumreport-dbg.controller.js": 1719298514116,
  "controller/invsumreport.controller.js.map": 1719301362451,
  "model/models-dbg.js": 1718785396759,
  "model/models.js.map": 1719301362431,
  "controller/App-dbg.controller.js": 1718785396759,
  "controller/App.controller.js.map": 1719301362428,
  "Component-dbg.js": 1718785396759,
  "Component.js.map": 1719301362432,
  "Component-preload.js": 1719301363403,
  "Component-preload.js.map": 1719301363403,
  "view/invsumreport.view.xml": 1719293592157,
  "view/App.view.xml": 1718785396759,
  "css/style.css": 1719297860688,
  "i18n/i18n.properties": 1718785396759
}