{
  "Component.js.map": 1717837159839,
  "Component.js": 1717569031643,
  "controller/invsumreport.controller.js": 1717586861998,
  "controller/App.controller.js": 1717569031655,
  "manifest.json": 1717837159641,
  "model/models.js": 1717569031651,
  "Component-dbg.js": 1717569031643,
  "i18n/i18n.properties": 1717569037191,
  "controller/invsumreport-dbg.controller.js": 1717586861998,
  "controller/invsumreport.controller.js.map": 1717837159856,
  "controller/App-dbg.controller.js": 1717569031655,
  "controller/App.controller.js.map": 1717837159834,
  "model/models-dbg.js": 1717569031651,
  "model/models.js.map": 1717837159838,
  "Component-preload.js": 1717837160051,
  "Component-preload.js.map": 1717837160051,
  "view/invsumreport.view.xml": 1717584349106,
  "view/App.view.xml": 1717569031655,
  "css/style.css": 1717586873582,
  "index.html": 1717569031643
}