{
  "controller/App-dbg.controller.js": 1718013878790,
  "manifest.json": 1718226154835,
  "controller/View1.controller.js": 1718013878790,
  "controller/App.controller.js": 1718013878790,
  "model/models.js": 1718013878790,
  "Component.js": 1718013878790,
  "model/models-dbg.js": 1718013878790,
  "model/models.js.map": 1718226155026,
  "i18n/i18n.properties": 1718013878790,
  "controller/App.controller.js.map": 1718226155025,
  "controller/View1-dbg.controller.js": 1718013878790,
  "controller/View1.controller.js.map": 1718226155034,
  "Component-dbg.js": 1718013878790,
  "Component.js.map": 1718226155026,
  "Component-preload.js": 1718226155258,
  "Component-preload.js.map": 1718226155258,
  "view/View1.view.xml": 1718013878790,
  "view/App.view.xml": 1718013878790,
  "css/style.css": 1718013878790,
  "index.html": 1718013878790
}