{
  "view/App.view.xml": 1718785396743,
  "manifest.json": 1718967993013,
  "controller/View1.controller.js": 1718785396743,
  "controller/App.controller.js": 1718785396743,
  "model/models.js": 1718785396743,
  "Component.js": 1718785396743,
  "model/models-dbg.js": 1718785396743,
  "model/models.js.map": 1718967993215,
  "controller/App-dbg.controller.js": 1718785396743,
  "controller/App.controller.js.map": 1718967993214,
  "controller/View1-dbg.controller.js": 1718785396743,
  "controller/View1.controller.js.map": 1718967993222,
  "Component-dbg.js": 1718785396743,
  "Component.js.map": 1718967993214,
  "Component-preload.js": 1718967993479,
  "Component-preload.js.map": 1718967993479,
  "view/View1.view.xml": 1718785396743,
  "i18n/i18n.properties": 1718785396743,
  "css/style.css": 1718785396743,
  "index.html": 1718785396743
}