{
  "controller/App.controller.js": 1718785396743,
  "controller/View1.controller.js": 1718785396743,
  "model/models.js": 1718785396743,
  "i18n/i18n.properties": 1718785396743,
  "manifest.json": 1718962661215,
  "Component.js": 1718785396743,
  "controller/View1-dbg.controller.js": 1718785396743,
  "controller/View1.controller.js.map": 1718962661515,
  "model/models-dbg.js": 1718785396743,
  "model/models.js.map": 1718962661508,
  "controller/App-dbg.controller.js": 1718785396743,
  "controller/App.controller.js.map": 1718962661512,
  "Component-dbg.js": 1718785396743,
  "Component.js.map": 1718962661514,
  "Component-preload.js": 1718962661818,
  "Component-preload.js.map": 1718962661818,
  "view/View1.view.xml": 1718785396743,
  "view/App.view.xml": 1718785396743,
  "css/style.css": 1718785396743,
  "index.html": 1718785396743
}