{
  "index.html": 1717403329658,
  "controller/View1.controller.js": 1717403748273,
  "model/models.js": 1717403329666,
  "controller/App.controller.js": 1717403329670,
  "manifest.json": 1717568242756,
  "Component.js": 1717403329654,
  "model/models-dbg.js": 1717403329666,
  "model/models.js.map": 1717568242964,
  "controller/View1-dbg.controller.js": 1717403748273,
  "controller/View1.controller.js.map": 1717568242969,
  "controller/App-dbg.controller.js": 1717403329670,
  "controller/App.controller.js.map": 1717568242962,
  "Component-dbg.js": 1717403329654,
  "Component.js.map": 1717568242966,
  "Component-preload.js": 1717568243246,
  "Component-preload.js.map": 1717568243246,
  "view/View1.view.xml": 1717406040437,
  "view/App.view.xml": 1717403329674,
  "css/style.css": 1717403329670,
  "i18n/i18n.properties": 1717403336746
}