{
  "view/App.view.xml": 1719335002408,
  "Component.js": 1719335002408,
  "controller/View1.controller.js": 1719335002408,
  "controller/App.controller.js": 1719335002408,
  "manifest.json": 1719825715911,
  "model/models.js": 1719335002408,
  "controller/View1-dbg.controller.js": 1719335002408,
  "controller/View1.controller.js.map": 1719825716148,
  "Component-dbg.js": 1719335002408,
  "Component.js.map": 1719825716118,
  "controller/App-dbg.controller.js": 1719335002408,
  "controller/App.controller.js.map": 1719825716112,
  "model/models-dbg.js": 1719335002408,
  "model/models.js.map": 1719825716118,
  "Component-preload.js": 1719825716368,
  "Component-preload.js.map": 1719825716368,
  "view/View1.view.xml": 1719335002408,
  "i18n/i18n.properties": 1719335002408,
  "css/style.css": 1719335002408,
  "index.html": 1719335002408
}