{
  "Component.js": 1718785396759,
  "controller/invsumreport.controller.js": 1719298514116,
  "model/models.js": 1718785396759,
  "controller/App.controller.js": 1718785396759,
  "manifest.json": 1719314611246,
  "i18n/i18n.properties": 1718785396759,
  "Component-dbg.js": 1718785396759,
  "Component.js.map": 1719314611518,
  "model/models-dbg.js": 1718785396759,
  "model/models.js.map": 1719314611515,
  "controller/App-dbg.controller.js": 1718785396759,
  "controller/App.controller.js.map": 1719314611514,
  "controller/invsumreport-dbg.controller.js": 1719298514116,
  "controller/invsumreport.controller.js.map": 1719314611538,
  "Component-preload.js": 1719314611866,
  "Component-preload.js.map": 1719314611866,
  "view/invsumreport.view.xml": 1719293592157,
  "view/App.view.xml": 1718785396759,
  "css/style.css": 1719297860688,
  "index.html": 1718785396759
}